City,State,Rank,Population,lat,lon
New York,New York,1,8405837,40.7127837,-74.0059413
Los Angeles,California,2,3884307,34.0522342,-118.2436849
Chicago,Illinois,3,2718782,41.8781136,-87.6297982
Houston,Texas,4,2195914,29.7604267,-95.3698028
Philadelphia,Pennsylvania,5,1553165,39.9525839,-75.1652215
Phoenix,Arizona,6,1513367,33.4483771,-112.0740373
San Antonio,Texas,7,1409019,29.4241219,-98.4936282
San Diego,California,8,1355896,32.715738,-117.1610838
Dallas,Texas,9,1257676,32.7766642,-96.7969879
San Jose,California,10,998537,37.3382082,-121.8863286
Austin,Texas,11,885400,30.267153,-97.7430608
Indianapolis,Indiana,12,843393,39.768403,-86.158068
Jacksonville,Florida,13,842583,30.3321838,-81.655651
San Francisco,California,14,837442,37.7749295,-122.4194155
Columbus,Ohio,15,822553,39.9611755,-82.9987942
Charlotte,North Carolina,16,792862,35.2270869,-80.8431267
Fort Worth,Texas,17,792727,32.7554883,-97.3307658
Detroit,Michigan,18,688701,42.331427,-83.0457538
El Paso,Texas,19,674433,31.7775757,-106.4424559
Memphis,Tennessee,20,653450,35.1495343,-90.0489801
Seattle,Washington,21,652405,47.6062095,-122.3320708
Denver,Colorado,22,649495,39.7392358,-104.990251
Washington,District of Columbia,23,646449,38.9071923,-77.0368707
Boston,Massachusetts,24,645966,42.3600825,-71.0588801
Nashville,Tennessee,25,634464,36.1626638,-86.7816016
Baltimore,Maryland,26,622104,39.2903848,-76.6121893
Oklahoma City,Oklahoma,27,610613,35.4675602,-97.5164276
Louisville,Kentucky,28,609893,38.2526647,-85.7584557
Portland,Oregon,29,609456,45.5230622,-122.6764816
Las Vegas,Nevada,30,603488,36.1699412,-115.1398296
Milwaukee,Wisconsin,31,599164,43.0389025,-87.9064736
Albuquerque,New Mexico,32,556495,35.0853336,-106.6055534
Tucson,Arizona,33,526116,32.2217429,-110.926479
Fresno,California,34,509924,36.7468422,-119.7725868
Sacramento,California,35,479686,38.5815719,-121.4943996
Long Beach,California,36,469428,33.7700504,-118.1937395
Kansas City,Missouri,37,467007,39.0997265,-94.5785667
Mesa,Arizona,38,457587,33.4151843,-111.8314724
Virginia Beach,Virginia,39,448479,36.8529263,-75.977985
Atlanta,Georgia,40,447841,33.7489954,-84.3879824
Colorado Springs,Colorado,41,439886,38.8338816,-104.8213634
Omaha,Nebraska,42,434353,41.2523634,-95.9979883
Raleigh,North Carolina,43,431746,35.7795897,-78.6381787
Miami,Florida,44,417650,25.7616798,-80.1917902
Oakland,California,45,406253,37.8043637,-122.2711137
Minneapolis,Minnesota,46,400070,44.977753,-93.2650108
Tulsa,Oklahoma,47,398121,36.1539816,-95.992775
Cleveland,Ohio,48,390113,41.49932,-81.6943605
Wichita,Kansas,49,386552,37.688889,-97.336111
Arlington,Texas,50,379577,32.735687,-97.1080656
New Orleans,Louisiana,51,378715,29.9510658,-90.0715323
Bakersfield,California,52,363630,35.3732921,-119.0187125
Tampa,Florida,53,352957,27.950575,-82.4571776
Honolulu,Hawaii,54,347884,21.3069444,-157.8583333
Aurora,Colorado,55,345803,39.7294319,-104.8319195
Anaheim,California,56,345012,33.8352932,-117.9145036
Santa Ana,California,57,334227,33.7455731,-117.8678338
St. Louis,Missouri,58,318416,38.6270025,-90.1994042
Riverside,California,59,316619,33.9533487,-117.3961564
Corpus Christi,Texas,60,316381,27.8005828,-97.396381
Lexington-Fayette,Kentucky,61,308428,38.0405837,-84.5037164
Pittsburgh,Pennsylvania,62,305841,40.4406248,-79.9958864
Anchorage,Alaska,63,300950,61.2180556,-149.9002778
Stockton,California,64,298118,37.9577016,-121.2907796
Cincinnati,Ohio,65,297517,39.1031182,-84.5120196
St. Paul,Minnesota,66,294873,44.9537029,-93.0899578
Toledo,Ohio,67,282313,41.6639383,-83.555212
Greensboro,North Carolina,68,279639,36.0726354,-79.7919754
Newark,New Jersey,69,278427,40.735657,-74.1723667
Plano,Texas,70,274409,33.0198431,-96.6988856
Henderson,Nevada,71,270811,36.0395247,-114.9817213
Lincoln,Nebraska,72,268738,40.8257625,-96.6851982
Buffalo,New York,73,258959,42.8864468,-78.8783689
Jersey City,New Jersey,74,257342,40.7281575,-74.0776417
Chula Vista,California,75,256780,32.6400541,-117.0841955
Fort Wayne,Indiana,76,256496,41.079273,-85.1393513
Orlando,Florida,77,255483,28.5383355,-81.3792365
St. Petersburg,Florida,78,249688,27.773056,-82.64
Chandler,Arizona,79,249146,33.3061605,-111.8412502
Laredo,Texas,80,248142,27.5305671,-99.4803241
Norfolk,Virginia,81,246139,36.8507689,-76.2858726
Durham,North Carolina,82,245475,35.9940329,-78.898619
Madison,Wisconsin,83,243344,43.0730517,-89.4012302
Lubbock,Texas,84,239538,33.5778631,-101.8551665
Irvine,California,85,236716,33.6839473,-117.7946942
Winston-Salem,North Carolina,86,236441,36.0998596,-80.244216
Glendale,Arizona,87,234632,33.5386523,-112.1859866
Garland,Texas,88,234566,32.912624,-96.6388833
Hialeah,Florida,89,233394,25.8575963,-80.2781057
Reno,Nevada,90,233294,39.5296329,-119.8138027
Chesapeake,Virginia,91,230571,36.7682088,-76.2874927
Gilbert,Arizona,92,229972,33.3528264,-111.789027
Baton Rouge,Louisiana,93,229426,30.4582829,-91.1403196
Irving,Texas,94,228653,32.8140177,-96.9488945
Scottsdale,Arizona,95,226918,33.4941704,-111.9260519
North Las Vegas,Nevada,96,226877,36.1988592,-115.1175013
Fremont,California,97,224922,37.5482697,-121.9885719
Boise City,Idaho,98,214237,43.6187102,-116.2146068
Richmond,Virginia,99,214114,37.5407246,-77.4360481
San Bernardino,California,100,213708,34.1083449,-117.2897652
Birmingham,Alabama,101,212113,33.5206608,-86.80249
Spokane,Washington,102,210721,47.6587802,-117.4260466
Rochester,New York,103,210358,43.16103,-77.6109219
Des Moines,Iowa,104,207510,41.6005448,-93.6091064
Modesto,California,105,204933,37.6390972,-120.9968782
Fayetteville,North Carolina,106,204408,35.0526641,-78.8783585
Tacoma,Washington,107,203446,47.2528768,-122.4442906
Oxnard,California,108,203007,34.1975048,-119.1770516
Fontana,California,109,203003,34.0922335,-117.435048
Columbus,Georgia,110,202824,32.4609764,-84.9877094
Montgomery,Alabama,111,201332,32.3668052,-86.2999689
Moreno Valley,California,112,201175,33.9424658,-117.2296717
Shreveport,Louisiana,113,200327,32.5251516,-93.7501789
Aurora,Illinois,114,199963,41.7605849,-88.3200715
Yonkers,New York,115,199766,40.9312099,-73.8987469
Akron,Ohio,116,198100,41.0814447,-81.5190053
Huntington Beach,California,117,197575,33.660297,-117.9992265
Little Rock,Arkansas,118,197357,34.7464809,-92.2895948
Augusta-Richmond County,Georgia,119,197350,33.4734978,-82.0105148
Amarillo,Texas,120,196429,35.2219971,-101.8312969
Glendale,California,121,196021,34.1425078,-118.255075
Mobile,Alabama,122,194899,30.6953657,-88.0398912
Grand Rapids,Michigan,123,192294,42.9633599,-85.6680863
Salt Lake City,Utah,124,191180,40.7607793,-111.8910474
Tallahassee,Florida,125,186411,30.4382559,-84.2807329
Huntsville,Alabama,126,186254,34.7303688,-86.5861037
Grand Prairie,Texas,127,183372,32.7459645,-96.9977846
Knoxville,Tennessee,128,183270,35.9606384,-83.9207392
Worcester,Massachusetts,129,182544,42.2625932,-71.8022934
Newport News,Virginia,130,182020,37.0870821,-76.4730122
Brownsville,Texas,131,181860,25.9017472,-97.4974838
Overland Park,Kansas,132,181260,38.9822282,-94.6707917
Santa Clarita,California,133,179590,34.3916641,-118.542586
Providence,Rhode Island,134,177994,41.8239891,-71.4128343
Garden Grove,California,135,175140,33.7739053,-117.9414477
Chattanooga,Tennessee,136,173366,35.0456297,-85.3096801
Oceanside,California,137,172794,33.1958696,-117.3794834
Jackson,Mississippi,138,172638,32.2987573,-90.1848103
Fort Lauderdale,Florida,139,172389,26.1224386,-80.1373174
Santa Rosa,California,140,171990,38.440429,-122.7140548
Rancho Cucamonga,California,141,171386,34.1063989,-117.5931084
Port St. Lucie,Florida,142,171016,27.2730492,-80.3582261
Tempe,Arizona,143,168228,33.4255104,-111.9400054
Ontario,California,144,167500,34.0633443,-117.6508876
Vancouver,Washington,145,167405,45.6387281,-122.6614861
Cape Coral,Florida,146,165831,26.5628537,-81.9495331
Sioux Falls,South Dakota,147,164676,43.5445959,-96.7311034
Springfield,Missouri,148,164122,37.2089572,-93.2922989
Peoria,Arizona,149,162592,33.5805955,-112.2373779
Pembroke Pines,Florida,150,162329,26.007765,-80.2962555
Elk Grove,California,151,161007,38.4087993,-121.3716178
Salem,Oregon,152,160614,44.9428975,-123.0350963
Lancaster,California,153,159523,34.6867846,-118.1541632
Corona,California,154,159503,33.8752935,-117.5664384
Eugene,Oregon,155,159190,44.0520691,-123.0867536
Palmdale,California,156,157161,34.5794343,-118.1164613
Salinas,California,157,155662,36.6777372,-121.6555013
Springfield,Massachusetts,158,153703,42.1014831,-72.589811
Pasadena,Texas,159,152735,29.6910625,-95.2091006
Fort Collins,Colorado,160,152061,40.5852602,-105.084423
Hayward,California,161,151574,37.6688205,-122.0807964
Pomona,California,162,151348,34.055103,-117.7499909
Cary,North Carolina,163,151088,35.79154,-78.7811169
Rockford,Illinois,164,150251,42.2711311,-89.0939952
Alexandria,Virginia,165,148892,38.8048355,-77.0469214
Escondido,California,166,148738,33.1192068,-117.086421
McKinney,Texas,167,148559,33.1972465,-96.6397822
Kansas City,Kansas,168,148483,39.114053,-94.6274636
Joliet,Illinois,169,147806,41.525031,-88.0817251
Sunnyvale,California,170,147559,37.36883,-122.0363496
Torrance,California,171,147478,33.8358492,-118.3406288
Bridgeport,Connecticut,172,147216,41.1865478,-73.1951767
Lakewood,Colorado,173,147214,39.7047095,-105.0813734
Hollywood,Florida,174,146526,26.0112014,-80.1494901
Paterson,New Jersey,175,145948,40.9167654,-74.171811
Naperville,Illinois,176,144864,41.7508391,-88.1535352
Syracuse,New York,177,144669,43.0481221,-76.1474244
Mesquite,Texas,178,143484,32.7667955,-96.5991593
Dayton,Ohio,179,143355,39.7589478,-84.1916069
Savannah,Georgia,180,142772,32.0835407,-81.0998342
Clarksville,Tennessee,181,142357,36.5297706,-87.3594528
Orange,California,182,139969,33.7877944,-117.8531119
Pasadena,California,183,139731,34.1477849,-118.1445155
Fullerton,California,184,138981,33.8703596,-117.9242966
Killeen,Texas,185,137147,31.1171194,-97.7277959
Frisco,Texas,186,136791,33.1506744,-96.8236116
Hampton,Virginia,187,136699,37.0298687,-76.3452218
McAllen,Texas,188,136639,26.2034071,-98.2300124
Warren,Michigan,189,134873,42.5144566,-83.0146526
Bellevue,Washington,190,133992,47.610377,-122.2006786
West Valley City,Utah,191,133579,40.6916132,-112.0010501
Columbia,South Carolina,192,133358,34.0007104,-81.0348144
Olathe,Kansas,193,131885,38.8813958,-94.8191285
Sterling Heights,Michigan,194,131224,42.5803122,-83.0302033
New Haven,Connecticut,195,130660,41.308274,-72.9278835
Miramar,Florida,196,130288,25.9860762,-80.3035602
Waco,Texas,197,129030,31.549333,-97.1466695
Thousand Oaks,California,198,128731,34.1705609,-118.8375937
Cedar Rapids,Iowa,199,128429,41.9778795,-91.6656232
Charleston,South Carolina,200,127999,32.7764749,-79.9310512
Visalia,California,201,127763,36.3302284,-119.2920585
Topeka,Kansas,202,127679,39.0558235,-95.6890185
Elizabeth,New Jersey,203,127558,40.6639916,-74.2107006
Gainesville,Florida,204,127488,29.6516344,-82.3248262
Thornton,Colorado,205,127359,39.8680412,-104.9719243
Roseville,California,206,127035,38.7521235,-121.2880059
Carrollton,Texas,207,126700,32.9756415,-96.8899636
Coral Springs,Florida,208,126604,26.271192,-80.2706044
Stamford,Connecticut,209,126456,41.0534302,-73.5387341
Simi Valley,California,210,126181,34.2694474,-118.781482
Concord,California,211,125880,37.9779776,-122.0310733
Hartford,Connecticut,212,125017,41.7637111,-72.6850932
Kent,Washington,213,124435,47.3809335,-122.2348431
Lafayette,Louisiana,214,124276,30.2240897,-92.0198427
Midland,Texas,215,123933,31.9973456,-102.0779146
Surprise,Arizona,216,123546,33.6292337,-112.3679279
Denton,Texas,217,123099,33.2148412,-97.1330683
Victorville,California,218,121096,34.5362184,-117.2927641
Evansville,Indiana,219,120310,37.9715592,-87.5710898
Santa Clara,California,220,120245,37.3541079,-121.9552356
Abilene,Texas,221,120099,32.4487364,-99.7331439
Athens-Clarke County,Georgia,222,119980,33.9519347,-83.357567
Vallejo,California,223,118837,38.1040864,-122.2566367
Allentown,Pennsylvania,224,118577,40.6084305,-75.4901833
Norman,Oklahoma,225,118197,35.2225668,-97.4394777
Beaumont,Texas,226,117796,30.080174,-94.1265562
Independence,Missouri,227,117240,39.0911161,-94.4155068
Murfreesboro,Tennessee,228,117044,35.8456213,-86.39027
Ann Arbor,Michigan,229,117025,42.2808256,-83.7430378
Springfield,Illinois,230,117006,39.7817213,-89.6501481
Berkeley,California,231,116768,37.8715926,-122.272747
Peoria,Illinois,232,116513,40.6936488,-89.5889864
Provo,Utah,233,116288,40.2338438,-111.6585337
El Monte,California,234,115708,34.0686206,-118.0275667
Columbia,Missouri,235,115276,38.9517053,-92.3340724
Lansing,Michigan,236,113972,42.732535,-84.5555347
Fargo,North Dakota,237,113658,46.8771863,-96.7898034
Downey,California,238,113242,33.9401088,-118.1331593
Costa Mesa,California,239,112174,33.6411316,-117.9186689
Wilmington,North Carolina,240,112067,34.2257255,-77.9447102
Arvada,Colorado,241,111707,39.8027644,-105.0874842
Inglewood,California,242,111542,33.9616801,-118.3531311
Miami Gardens,Florida,243,111378,25.9420377,-80.2456045
Carlsbad,California,244,110972,33.1580933,-117.3505939
Westminster,Colorado,245,110945,39.8366528,-105.0372046
Rochester,Minnesota,246,110742,44.0121221,-92.4801989
Odessa,Texas,247,110720,31.8456816,-102.3676431
Manchester,New Hampshire,248,110378,42.9956397,-71.4547891
Elgin,Illinois,249,110145,42.0354084,-88.2825668
West Jordan,Utah,250,110077,40.6096698,-111.9391031
Round Rock,Texas,251,109821,30.5082551,-97.678896
Clearwater,Florida,252,109703,27.9658533,-82.8001026
Waterbury,Connecticut,253,109676,41.5581525,-73.0514965
Gresham,Oregon,254,109397,45.5001357,-122.4302013
Fairfield,California,255,109320,38.2493581,-122.0399663
Billings,Montana,256,109059,45.7832856,-108.5006904
Lowell,Massachusetts,257,108861,42.6334247,-71.3161718
San Buenaventura (Ventura),California,258,108817,34.274646,-119.2290316
Pueblo,Colorado,259,108249,38.2544472,-104.6091409
High Point,North Carolina,260,107741,35.9556923,-80.0053176
West Covina,California,261,107740,34.0686208,-117.9389526
Richmond,California,262,107571,37.9357576,-122.3477486
Murrieta,California,263,107479,33.5539143,-117.2139232
Cambridge,Massachusetts,264,107289,42.3736158,-71.1097335
Antioch,California,265,107100,38.0049214,-121.805789
Temecula,California,266,106780,33.4936391,-117.1483648
Norwalk,California,267,106589,33.9022367,-118.081733
Centennial,Colorado,268,106114,39.5807452,-104.8771726
Everett,Washington,269,105370,47.9789848,-122.2020794
Palm Bay,Florida,270,104898,28.0344621,-80.5886646
Wichita Falls,Texas,271,104898,33.9137085,-98.4933873
Green Bay,Wisconsin,272,104779,44.519159,-88.019826
Daly City,California,273,104739,37.6879241,-122.4702079
Burbank,California,274,104709,34.1808392,-118.3089661
Richardson,Texas,275,104475,32.9483335,-96.7298519
Pompano Beach,Florida,276,104410,26.2378597,-80.1247667
North Charleston,South Carolina,277,104054,32.8546197,-79.9748103
Broken Arrow,Oklahoma,278,103500,36.060949,-95.7974526
Boulder,Colorado,279,103166,40.0149856,-105.2705456
West Palm Beach,Florida,280,102436,26.7153424,-80.0533746
Santa Maria,California,281,102216,34.9530337,-120.4357191
El Cajon,California,282,102211,32.7947731,-116.9625269
Davenport,Iowa,283,102157,41.5236437,-90.5776367
Rialto,California,284,101910,34.1064001,-117.3703235
Las Cruces,New Mexico,285,101324,32.3199396,-106.7636538
San Mateo,California,286,101128,37.5629917,-122.3255254
Lewisville,Texas,287,101074,33.046233,-96.994174
South Bend,Indiana,288,100886,41.6763545,-86.2519898
Lakeland,Florida,289,100710,28.0394654,-81.9498042
Erie,Pennsylvania,290,100671,42.1292241,-80.085059
Tyler,Texas,291,100223,32.3512601,-95.3010624
Pearland,Texas,292,100065,29.5635666,-95.2860474
College Station,Texas,293,100050,30.627977,-96.3344068
Kenosha,Wisconsin,294,99889,42.5847425,-87.8211854
Sandy Springs,Georgia,295,99770,33.9304352,-84.3733147
Clovis,California,296,99769,36.8252277,-119.7029194
Flint,Michigan,297,99763,43.0125274,-83.6874562
Roanoke,Virginia,298,98465,37.2709704,-79.9414266
Albany,New York,299,98424,42.6525793,-73.7562317
Jurupa Valley,California,300,98030,33.9971974,-117.4854802
Compton,California,301,97877,33.8958492,-118.2200712
San Angelo,Texas,302,97492,31.4637723,-100.4370375
Hillsboro,Oregon,303,97368,45.5228939,-122.989827
Lawton,Oklahoma,304,97151,34.6035669,-98.3959291
Renton,Washington,305,97003,47.4828776,-122.2170661
Vista,California,306,96929,33.2000368,-117.2425355
Davie,Florida,307,96830,26.0764783,-80.2521157
Greeley,Colorado,308,96539,40.4233142,-104.7091322
Mission Viejo,California,309,96346,33.6000232,-117.6719953
Portsmouth,Virginia,310,96205,36.8354258,-76.2982742
Dearborn,Michigan,311,95884,42.3222599,-83.1763145
South Gate,California,312,95677,33.954737,-118.2120161
Tuscaloosa,Alabama,313,95334,33.2098407,-87.5691735
Livonia,Michigan,314,95208,42.36837,-83.3527097
New Bedford,Massachusetts,315,95078,41.6362152,-70.934205
Vacaville,California,316,94275,38.3565773,-121.9877444
Brockton,Massachusetts,317,94089,42.0834335,-71.0183787
Roswell,Georgia,318,94034,34.0232431,-84.3615555
Beaverton,Oregon,319,93542,45.487062,-122.8037102
Quincy,Massachusetts,320,93494,42.2528772,-71.0022705
Sparks,Nevada,321,93282,39.5349112,-119.7526886
Yakima,Washington,322,93257,46.6020711,-120.5058987
Lee's Summit,Missouri,323,93184,38.9108408,-94.3821724
Federal Way,Washington,324,92734,47.3223221,-122.3126222
Carson,California,325,92599,33.8316745,-118.281693
Santa Monica,California,326,92472,34.0194543,-118.4911912
Hesperia,California,327,92147,34.4263886,-117.3008784
Allen,Texas,328,92020,33.1031744,-96.6705503
Rio Rancho,New Mexico,329,91956,35.2327544,-106.6630437
Yuma,Arizona,330,91923,32.6926512,-114.6276916
Westminster,California,331,91739,33.7513419,-117.9939921
Orem,Utah,332,91648,40.2968979,-111.6946475
Lynn,Massachusetts,333,91589,42.466763,-70.9494938
Redding,California,334,91119,40.5865396,-122.3916754
Spokane Valley,Washington,335,91113,47.6732281,-117.2393748
Miami Beach,Florida,336,91026,25.790654,-80.1300455
League City,Texas,337,90983,29.5074538,-95.0949303
Lawrence,Kansas,338,90811,38.9716689,-95.2352501
Santa Barbara,California,339,90412,34.4208305,-119.6981901
Plantation,Florida,340,90268,26.1275862,-80.2331036
Sandy,Utah,341,90231,40.5649781,-111.8389726
Sunrise,Florida,342,90116,26.1669711,-80.256595
Macon,Georgia,343,89981,32.8406946,-83.6324022
Longmont,Colorado,344,89919,40.1672068,-105.1019275
Boca Raton,Florida,345,89407,26.3683064,-80.1289321
San Marcos,California,346,89387,33.1433723,-117.1661449
Greenville,North Carolina,347,89130,35.612661,-77.3663538
Waukegan,Illinois,348,88826,42.3636331,-87.8447938
Fall River,Massachusetts,349,88697,41.7014912,-71.1550451
Chico,California,350,88077,39.7284944,-121.8374777
Newton,Massachusetts,351,87971,42.3370413,-71.2092214
San Leandro,California,352,87965,37.7249296,-122.1560768
Reading,Pennsylvania,353,87893,40.3356483,-75.9268747
Norwalk,Connecticut,354,87776,41.117744,-73.4081575
Fort Smith,Arkansas,355,87650,35.3859242,-94.3985475
Newport Beach,California,356,87273,33.6189101,-117.9289469
Asheville,North Carolina,357,87236,35.5950581,-82.5514869
Nashua,New Hampshire,358,87137,42.7653662,-71.467566
Edmond,Oklahoma,359,87004,35.6528323,-97.4780954
Whittier,California,360,86635,33.9791793,-118.032844
Nampa,Idaho,361,86518,43.5407172,-116.5634624
Bloomington,Minnesota,362,86319,44.840798,-93.2982799
Deltona,Florida,363,86290,28.9005446,-81.2636738
Hawthorne,California,364,86199,33.9164032,-118.3525748
Duluth,Minnesota,365,86128,46.7866719,-92.1004852
Carmel,Indiana,366,85927,39.978371,-86.1180435
Suffolk,Virginia,367,85728,36.7282054,-76.5835621
Clifton,New Jersey,368,85390,40.8584328,-74.1637553
Citrus Heights,California,369,85285,38.7071247,-121.2810611
Livermore,California,370,85156,37.6818745,-121.7680088
Tracy,California,371,84691,37.7396513,-121.4252227
Alhambra,California,372,84577,34.095287,-118.1270146
Kirkland,Washington,373,84430,47.6814875,-122.2087353
Trenton,New Jersey,374,84349,40.2170534,-74.7429384
Ogden,Utah,375,84249,41.223,-111.9738304
Hoover,Alabama,376,84126,33.4053867,-86.8113781
Cicero,Illinois,377,84103,41.8455877,-87.7539448
Fishers,Indiana,378,83891,39.9567548,-86.01335
Sugar Land,Texas,379,83860,29.6196787,-95.6349463
Danbury,Connecticut,380,83684,41.394817,-73.4540111
Meridian,Idaho,381,83596,43.6121087,-116.3915131
Indio,California,382,83539,33.7205771,-116.2155619
Concord,North Carolina,383,83506,35.4087517,-80.579511
Menifee,California,384,83447,33.6971468,-117.185294
Champaign,Illinois,385,83424,40.1164204,-88.2433829
Buena Park,California,386,82882,33.8675143,-117.9981181
Troy,Michigan,387,82821,42.6064095,-83.1497751
O'Fallon,Missouri,388,82809,38.8106075,-90.6998477
Johns Creek,Georgia,389,82788,34.0289259,-84.198579
Bellingham,Washington,390,82631,48.74908,-122.4781473
Westland,Michigan,391,82578,42.324204,-83.400211
Bloomington,Indiana,392,82575,39.165325,-86.5263857
Sioux City,Iowa,393,82459,42.4999942,-96.4003069
Warwick,Rhode Island,394,81971,41.7001009,-71.4161671
Hemet,California,395,81750,33.7475203,-116.9719684
Longview,Texas,396,81443,32.5007037,-94.7404891
Farmington Hills,Michigan,397,81295,42.4989936,-83.3677168
Bend,Oregon,398,81236,44.0581728,-121.3153096
Lakewood,California,399,81121,33.8536269,-118.1339563
Merced,California,400,81102,37.3021632,-120.4829677
Mission,Texas,401,81050,26.2159066,-98.3252932
Chino,California,402,80988,34.0122346,-117.688944
Redwood City,California,403,80872,37.4852152,-122.2363548
Edinburg,Texas,404,80836,26.3017374,-98.1633432
Cranston,Rhode Island,405,80566,41.7798226,-71.4372796
Parma,Ohio,406,80429,41.4047742,-81.7229086
New Rochelle,New York,407,79446,40.9114882,-73.7823549
Lake Forest,California,408,79312,33.6469661,-117.689218
Napa,California,409,79068,38.2975381,-122.286865
Hammond,Indiana,410,78967,41.5833688,-87.5000412
Fayetteville,Arkansas,411,78960,36.0625795,-94.1574263
Bloomington,Illinois,412,78902,40.4842027,-88.9936873
Avondale,Arizona,413,78822,33.4355977,-112.3496021
Somerville,Massachusetts,414,78804,42.3875968,-71.0994968
Palm Coast,Florida,415,78740,29.5844524,-81.2078699
Bryan,Texas,416,78709,30.6743643,-96.3699632
Gary,Indiana,417,78450,41.5933696,-87.3464271
Largo,Florida,418,78409,27.9094665,-82.7873244
Brooklyn Park,Minnesota,419,78373,45.0941315,-93.3563405
Tustin,California,420,78327,33.7458511,-117.826166
Racine,Wisconsin,421,78199,42.7261309,-87.7828523
Deerfield Beach,Florida,422,78041,26.3184123,-80.0997657
Lynchburg,Virginia,423,78014,37.4137536,-79.1422464
Mountain View,California,424,77846,37.3860517,-122.0838511
Medford,Oregon,425,77677,42.3265152,-122.8755949
Lawrence,Massachusetts,426,77657,42.7070354,-71.1631137
Bellflower,California,427,77593,33.8816818,-118.1170117
Melbourne,Florida,428,77508,28.0836269,-80.6081089
St. Joseph,Missouri,429,77147,39.7674578,-94.846681
Camden,New Jersey,430,76903,39.9259463,-75.1196199
St. George,Utah,431,76817,37.0965278,-113.5684164
Kennewick,Washington,432,76762,46.2112458,-119.1372338
Baldwin Park,California,433,76635,34.0852868,-117.9608978
Chino Hills,California,434,76572,33.9898188,-117.7325848
Alameda,California,435,76419,37.7652065,-122.2416355
Albany,Georgia,436,76185,31.5785074,-84.155741
Arlington Heights,Illinois,437,75994,42.0883603,-87.9806265
Scranton,Pennsylvania,438,75806,41.408969,-75.6624122
Evanston,Illinois,439,75570,42.0450722,-87.6876969
Kalamazoo,Michigan,440,75548,42.2917069,-85.5872286
Baytown,Texas,441,75418,29.7355047,-94.9774274
Upland,California,442,75413,34.09751,-117.6483876
Springdale,Arkansas,443,75229,36.1867442,-94.1288141
Bethlehem,Pennsylvania,444,75018,40.6259316,-75.3704579
Schaumburg,Illinois,445,74907,42.0333607,-88.0834059
Mount Pleasant,South Carolina,446,74885,32.8323225,-79.8284258
Auburn,Washington,447,74860,47.3073228,-122.2284532
Decatur,Illinois,448,74710,39.8403147,-88.9548001
San Ramon,California,449,74513,37.7799273,-121.9780153
Pleasanton,California,450,74110,37.6624312,-121.8746789
Wyoming,Michigan,451,74100,42.9133602,-85.7053085
Lake Charles,Louisiana,452,74024,30.2265949,-93.2173758
Plymouth,Minnesota,453,73987,45.0105194,-93.4555093
Bolingbrook,Illinois,454,73936,41.6986416,-88.0683955
Pharr,Texas,455,73790,26.1947962,-98.1836216
Appleton,Wisconsin,456,73596,44.2619309,-88.4153847
Gastonia,North Carolina,457,73209,35.262082,-81.1873005
Folsom,California,458,73098,38.6779591,-121.1760583
Southfield,Michigan,459,73006,42.4733688,-83.2218731
Rochester Hills,Michigan,460,72952,42.6583661,-83.1499322
New Britain,Connecticut,461,72939,41.6612104,-72.7795419
Goodyear,Arizona,462,72864,33.4353394,-112.3576567
Canton,Ohio,463,72535,40.7989473,-81.378447
Warner Robins,Georgia,464,72531,32.6130007,-83.624201
Union City,California,465,72528,37.5933918,-122.0438298
Perris,California,466,72326,33.7825194,-117.2286478
Manteca,California,467,71948,37.7974273,-121.2160526
Iowa City,Iowa,468,71591,41.6611277,-91.5301683
Jonesboro,Arkansas,469,71551,35.8422967,-90.704279
Wilmington,Delaware,470,71525,39.7390721,-75.5397878
Lynwood,California,471,71371,33.930293,-118.2114603
Loveland,Colorado,472,71334,40.3977612,-105.0749801
Pawtucket,Rhode Island,473,71172,41.878711,-71.3825558
Boynton Beach,Florida,474,71097,26.5317866,-80.0905465
Waukesha,Wisconsin,475,71016,43.0116784,-88.2314813
Gulfport,Mississippi,476,71012,30.3674198,-89.0928155
Apple Valley,California,477,70924,34.5008311,-117.1858759
Passaic,New Jersey,478,70868,40.8567662,-74.1284764
Rapid City,South Dakota,479,70812,44.0805434,-103.2310149
Layton,Utah,480,70790,41.0602216,-111.9710529
Lafayette,Indiana,481,70373,40.4167022,-86.8752869
Turlock,California,482,70365,37.4946568,-120.8465941
Muncie,Indiana,483,70316,40.1933767,-85.3863599
Temple,Texas,484,70190,31.0982344,-97.342782
Missouri City,Texas,485,70185,29.6185669,-95.5377215
Redlands,California,486,69999,34.0555693,-117.1825381
Santa Fe,New Mexico,487,69976,35.6869752,-105.937799
Lauderhill,Florida,488,69813,26.1403635,-80.2133808
Milpitas,California,489,69783,37.4323341,-121.8995741
Palatine,Illinois,490,69350,42.1103041,-88.03424
Missoula,Montana,491,69122,46.8787176,-113.996586
Rock Hill,South Carolina,492,69103,34.9248667,-81.0250784
Jacksonville,North Carolina,493,69079,34.7540524,-77.4302414
Franklin,Tennessee,494,68886,35.9250637,-86.8688899
Flagstaff,Arizona,495,68667,35.1982836,-111.651302
Flower Mound,Texas,496,68609,33.0145673,-97.0969552
Weston,Florida,497,68388,26.1003654,-80.3997748
Waterloo,Iowa,498,68366,42.492786,-92.3425775
Union City,New Jersey,499,68247,40.6975898,-74.2631635
Mount Vernon,New York,500,68224,40.9125992,-73.8370786
Fort Myers,Florida,501,68190,26.640628,-81.8723084
Dothan,Alabama,502,68001,31.2232313,-85.3904888
Rancho Cordova,California,503,67911,38.5890723,-121.302728
Redondo Beach,California,504,67815,33.8491816,-118.3884078
Jackson,Tennessee,505,67685,35.6145169,-88.8139469
Pasco,Washington,506,67599,46.2395793,-119.1005657
St. Charles,Missouri,507,67569,38.7881062,-90.4974359
Eau Claire,Wisconsin,508,67545,44.811349,-91.4984941
North Richland Hills,Texas,509,67317,32.8342952,-97.2289029
Bismarck,North Dakota,510,67034,46.8083268,-100.7837392
Yorba Linda,California,511,67032,33.8886259,-117.8131125
Kenner,Louisiana,512,66975,29.9940924,-90.2417434
Walnut Creek,California,513,66900,37.9100783,-122.0651819
Frederick,Maryland,514,66893,39.4142688,-77.4105409
Oshkosh,Wisconsin,515,66778,44.0247062,-88.5426136
Pittsburg,California,516,66695,38.0279762,-121.8846806
Palo Alto,California,517,66642,37.4418834,-122.1430195
Bossier City,Louisiana,518,66333,32.5159852,-93.7321228
Portland,Maine,519,66318,43.661471,-70.2553259
St. Cloud,Minnesota,520,66297,45.5579451,-94.1632404
Davis,California,521,66205,38.5449065,-121.7405167
South San Francisco,California,522,66174,37.654656,-122.4077498
Camarillo,California,523,66086,34.2163937,-119.0376023
North Little Rock,Arkansas,524,66075,34.769536,-92.2670941
Schenectady,New York,525,65902,42.8142432,-73.9395687
Gaithersburg,Maryland,526,65690,39.1434406,-77.2013705
Harlingen,Texas,527,65665,26.1906306,-97.6961026
Woodbury,Minnesota,528,65656,44.9238552,-92.9593797
Eagan,Minnesota,529,65453,44.8041322,-93.1668858
Yuba City,California,530,65416,39.1404477,-121.6169108
Maple Grove,Minnesota,531,65415,45.0724642,-93.4557877
Youngstown,Ohio,532,65184,41.0997803,-80.6495194
Skokie,Illinois,533,65176,42.0324025,-87.7416246
Kissimmee,Florida,534,65173,28.2919557,-81.407571
Johnson City,Tennessee,535,65123,36.3134397,-82.3534727
Victoria,Texas,536,65098,28.8052674,-97.0035982
San Clemente,California,537,65040,33.4269728,-117.6119925
Bayonne,New Jersey,538,65028,40.6687141,-74.1143091
Laguna Niguel,California,539,64652,33.5225261,-117.7075526
East Orange,New Jersey,540,64544,40.767323,-74.2048677
Shawnee,Kansas,541,64323,39.0228485,-94.7151865
Homestead,Florida,542,64079,25.4687224,-80.4775569
Delray Beach,Florida,543,64072,26.4614625,-80.0728201
Rockville,Maryland,544,64072,39.0839973,-77.1527578
Janesville,Wisconsin,545,63820,42.6827885,-89.0187222
Conway,Arkansas,546,63816,35.0886963,-92.4421011
Pico Rivera,California,547,63771,33.9830688,-118.096735
Lorain,Ohio,548,63710,41.452819,-82.1823746
Montebello,California,549,63495,34.0165053,-118.1137535
Lodi,California,550,63338,38.1341477,-121.2722194
New Braunfels,Texas,551,63279,29.7030024,-98.1244531
Marysville,Washington,552,63269,48.0517637,-122.1770818
Tamarac,Florida,553,63155,26.2128609,-80.2497707
Madera,California,554,63105,36.9613356,-120.0607176
Conroe,Texas,555,63032,30.3118769,-95.4560512
Santa Cruz,California,556,62864,36.9741171,-122.0307963
Eden Prairie,Minnesota,557,62603,44.8546856,-93.470786
Cheyenne,Wyoming,558,62448,41.1399814,-104.8202462
Daytona Beach,Florida,559,62316,29.2108147,-81.0228331
Alpharetta,Georgia,560,62298,34.0753762,-84.2940899
Hamilton,Ohio,561,62258,39.3995008,-84.5613355
Waltham,Massachusetts,562,62227,42.3764852,-71.2356113
Coon Rapids,Minnesota,563,62103,45.1732394,-93.3030063
Haverhill,Massachusetts,564,62088,42.7762015,-71.0772796
Council Bluffs,Iowa,565,61969,41.2619444,-95.8608333
Taylor,Michigan,566,61817,42.240872,-83.2696509
Utica,New York,567,61808,43.100903,-75.232664
Ames,Iowa,568,61792,42.034722,-93.62
La Habra,California,569,61653,33.9319578,-117.9461734
Encinitas,California,570,61588,33.0369867,-117.2919818
Bowling Green,Kentucky,571,61488,36.9685219,-86.4808043
Burnsville,Minnesota,572,61434,44.7677424,-93.2777226
Greenville,South Carolina,573,61397,34.8526176,-82.3940104
West Des Moines,Iowa,574,61255,41.5772115,-93.711332
Cedar Park,Texas,575,61238,30.505198,-97.8202888
Tulare,California,576,61170,36.2077288,-119.3473379
Monterey Park,California,577,61085,34.0625106,-118.1228476
Vineland,New Jersey,578,61050,39.4863773,-75.0259637
Terre Haute,Indiana,579,61025,39.4667034,-87.4139092
North Miami,Florida,580,61007,25.8900949,-80.1867138
Mansfield,Texas,581,60872,32.5631924,-97.1416768
West Allis,Wisconsin,582,60697,43.0166806,-88.0070315
Bristol,Connecticut,583,60568,41.6717648,-72.9492703
Taylorsville,Utah,584,60519,40.6677248,-111.9388258
Malden,Massachusetts,585,60509,42.4250964,-71.066163
Meriden,Connecticut,586,60456,41.5381535,-72.8070435
Blaine,Minnesota,587,60407,45.1607987,-93.2349489
Wellington,Florida,588,60202,26.6617635,-80.2683571
Cupertino,California,589,60189,37.3229978,-122.0321823
Springfield,Oregon,590,60177,44.0462362,-123.0220289
Rogers,Arkansas,591,60112,36.3320196,-94.1185366
St. Clair Shores,Michigan,592,60070,42.4974085,-82.8963604
Gardena,California,593,59957,33.8883487,-118.3089624
Pontiac,Michigan,594,59887,42.6389216,-83.2910468
National City,California,595,59834,32.6781085,-117.0991967
Grand Junction,Colorado,596,59778,39.0638705,-108.5506486
Rocklin,California,597,59738,38.7907339,-121.2357828
Chapel Hill,North Carolina,598,59635,35.9131996,-79.0558445
Casper,Wyoming,599,59628,42.866632,-106.313081
Broomfield,Colorado,600,59471,39.9205411,-105.0866504
Petaluma,California,601,59440,38.232417,-122.6366524
South Jordan,Utah,602,59366,40.5621704,-111.929658
Springfield,Ohio,603,59357,39.9242266,-83.8088171
Great Falls,Montana,604,59351,47.4941836,-111.2833449
Lancaster,Pennsylvania,605,59325,40.0378755,-76.3055144
North Port,Florida,606,59212,27.044224,-82.2359254
Lakewood,Washington,607,59097,47.1717649,-122.518458
Marietta,Georgia,608,59089,33.952602,-84.5499327
San Rafael,California,609,58994,37.9735346,-122.5310874
Royal Oak,Michigan,610,58946,42.4894801,-83.1446485
Des Plaines,Illinois,611,58918,42.0333623,-87.8833991
Huntington Park,California,612,58879,33.9816812,-118.2250725
La Mesa,California,613,58642,32.7678287,-117.0230839
Orland Park,Illinois,614,58590,41.6303103,-87.8539425
Auburn,Alabama,615,58582,32.6098566,-85.4807825
Lakeville,Minnesota,616,58562,44.6496868,-93.24272
Owensboro,Kentucky,617,58416,37.7719074,-87.1111676
Moore,Oklahoma,618,58414,35.3395079,-97.4867028
Jupiter,Florida,619,58298,26.9342246,-80.0942087
Idaho Falls,Idaho,620,58292,43.4916514,-112.0339645
Dubuque,Iowa,621,58253,42.5005583,-90.6645718
Bartlett,Tennessee,622,58226,35.2045328,-89.8739753
Rowlett,Texas,623,58043,32.9029017,-96.56388
Novi,Michigan,624,57960,42.48059,-83.4754913
White Plains,New York,625,57866,41.0339862,-73.7629097
Arcadia,California,626,57639,34.1397292,-118.0353449
Redmond,Washington,627,57530,47.6739881,-122.121512
Lake Elsinore,California,628,57525,33.6680772,-117.3272615
Ocala,Florida,629,57468,29.1871986,-82.1400923
Tinley Park,Illinois,630,57282,41.5731442,-87.7932939
Port Orange,Florida,631,57203,29.1383165,-80.9956105
Medford,Massachusetts,632,57170,42.4184296,-71.1061639
Oak Lawn,Illinois,633,57073,41.719978,-87.7479528
Rocky Mount,North Carolina,634,56954,35.9382103,-77.7905339
Kokomo,Indiana,635,56895,40.486427,-86.1336033
Coconut Creek,Florida,636,56792,26.2517482,-80.1789351
Bowie,Maryland,637,56759,39.0067768,-76.7791365
Berwyn,Illinois,638,56758,41.8505874,-87.7936685
Midwest City,Oklahoma,639,56756,35.4495065,-97.3967019
Fountain Valley,California,640,56707,33.7091847,-117.9536697
Buckeye,Arizona,641,56683,33.3703197,-112.5837766
Dearborn Heights,Michigan,642,56620,42.3369816,-83.2732627
Woodland,California,643,56590,38.6785157,-121.7732971
Noblesville,Indiana,644,56540,40.0455917,-86.0085955
Valdosta,Georgia,645,56481,30.8327022,-83.2784851
Diamond Bar,California,646,56449,34.0286226,-117.8103367
Manhattan,Kansas,647,56143,39.1836082,-96.5716694
Santee,California,648,56105,32.8383828,-116.9739167
Taunton,Massachusetts,649,56069,41.900101,-71.0897674
Sanford,Florida,650,56002,28.8028612,-81.269453
Kettering,Ohio,651,55870,39.6895036,-84.1688274
New Brunswick,New Jersey,652,55831,40.4862157,-74.4518188
Decatur,Alabama,653,55816,34.6059253,-86.9833417
Chicopee,Massachusetts,654,55717,42.1487043,-72.6078672
Anderson,Indiana,655,55670,40.1053196,-85.6802541
Margate,Florida,656,55456,26.2445263,-80.206436
Weymouth Town,Massachusetts,657,55419,42.2180724,-70.9410356
Hempstead,New York,658,55361,40.7062128,-73.6187397
Corvallis,Oregon,659,55298,44.5645659,-123.2620435
Eastvale,California,660,55191,33.952463,-117.5848025
Porterville,California,661,55174,36.06523,-119.0167679
West Haven,Connecticut,662,55046,41.2705484,-72.9469711
Brentwood,California,663,55000,37.931868,-121.6957863
Paramount,California,664,54980,33.8894598,-118.1597911
Grand Forks,North Dakota,665,54932,47.9252568,-97.0328547
Georgetown,Texas,666,54898,30.6332618,-97.6779842
St. Peters,Missouri,667,54842,38.7874699,-90.6298922
Shoreline,Washington,668,54790,47.7556531,-122.3415178
Mount Prospect,Illinois,669,54771,42.0664167,-87.9372908
Hanford,California,670,54686,36.3274502,-119.6456844
Normal,Illinois,671,54664,40.5142026,-88.9906312
Rosemead,California,672,54561,34.0805651,-118.072846
Lehi,Utah,673,54382,40.3916172,-111.8507662
Pocatello,Idaho,674,54350,42.8713032,-112.4455344
Highland,California,675,54291,34.1283442,-117.2086513
Novato,California,676,54194,38.1074198,-122.5697032
Port Arthur,Texas,677,54135,29.8849504,-93.939947
Carson City,Nevada,678,54080,39.1637984,-119.7674034
San Marcos,Texas,679,54076,29.8832749,-97.9413941
Hendersonville,Tennessee,680,54068,36.3047735,-86.6199957
Elyria,Ohio,681,53956,41.3683798,-82.1076486
Revere,Massachusetts,682,53756,42.4084302,-71.0119948
Pflugerville,Texas,683,53752,30.4393696,-97.6200043
Greenwood,Indiana,684,53665,39.6136578,-86.1066526
Bellevue,Nebraska,685,53663,41.1543623,-95.9145568
Wheaton,Illinois,686,53648,41.8661403,-88.1070127
Smyrna,Georgia,687,53438,33.8839926,-84.5143761
Sarasota,Florida,688,53326,27.3364347,-82.5306527
Blue Springs,Missouri,689,53294,39.0169509,-94.2816148
Colton,California,690,53243,34.0739016,-117.3136547
Euless,Texas,691,53224,32.8370727,-97.0819541
Castle Rock,Colorado,692,53063,39.3722121,-104.8560902
Cathedral City,California,693,52977,33.7805388,-116.4668036
Kingsport,Tennessee,694,52962,36.548434,-82.5618186
Lake Havasu City,Arizona,695,52844,34.483901,-114.3224548
Pensacola,Florida,696,52703,30.421309,-87.2169149
Hoboken,New Jersey,697,52575,40.7439905,-74.0323626
Yucaipa,California,698,52536,34.033625,-117.0430865
Watsonville,California,699,52477,36.910231,-121.7568946
Richland,Washington,700,52413,46.2856907,-119.2844621
Delano,California,701,52403,35.7688425,-119.2470536
Hoffman Estates,Illinois,702,52398,42.0629915,-88.1227199
Florissant,Missouri,703,52363,38.789217,-90.322614
Placentia,California,704,52206,33.8722371,-117.8703363
West New York,New Jersey,705,52122,40.7878788,-74.0143064
Dublin,California,706,52105,37.7021521,-121.9357918
Oak Park,Illinois,707,52066,41.8850317,-87.7845025
Peabody,Massachusetts,708,52044,42.5278731,-70.9286609
Perth Amboy,New Jersey,709,51982,40.5067723,-74.2654234
Battle Creek,Michigan,710,51848,42.3211522,-85.1797142
Bradenton,Florida,711,51763,27.4989278,-82.5748194
Gilroy,California,712,51701,37.0057816,-121.5682751
Milford,Connecticut,713,51644,41.2306979,-73.064036
Albany,Oregon,714,51583,44.6365107,-123.1059282
Ankeny,Iowa,715,51567,41.7317884,-93.6001278
La Crosse,Wisconsin,716,51522,43.8013556,-91.2395807
Burlington,North Carolina,717,51510,36.0956918,-79.4377991
DeSoto,Texas,718,51483,32.5896998,-96.8570738
Harrisonburg,Virginia,719,51395,38.4495688,-78.8689155
Minnetonka,Minnesota,720,51368,44.9211836,-93.4687489
Elkhart,Indiana,721,51265,41.6819935,-85.9766671
Lakewood,Ohio,722,51143,41.4819932,-81.7981908
Glendora,California,723,51074,34.1361187,-117.865339
Southaven,Mississippi,724,50997,34.9889818,-90.0125913
Charleston,West Virginia,725,50821,38.3498195,-81.6326234
Joplin,Missouri,726,50789,37.0842271,-94.513281
Enid,Oklahoma,727,50725,36.3955891,-97.8783911
Palm Beach Gardens,Florida,728,50699,26.8233946,-80.1386547
Brookhaven,Georgia,729,50603,33.8651033,-84.3365917
Plainfield,New Jersey,730,50588,40.6337136,-74.4073736
Grand Island,Nebraska,731,50550,40.9263957,-98.3420118
Palm Desert,California,732,50508,33.7222445,-116.3744556
Huntersville,North Carolina,733,50458,35.410694,-80.8428504
Tigard,Oregon,734,50444,45.4312294,-122.7714861
Lenexa,Kansas,735,50344,38.9536174,-94.7335709
Saginaw,Michigan,736,50303,43.4194699,-83.9508068
Kentwood,Michigan,737,50233,42.8694731,-85.6447492
Doral,Florida,738,50213,25.8195424,-80.3553302
Apple Valley,Minnesota,739,50201,44.7319094,-93.21772
Grapevine,Texas,740,50195,32.9342919,-97.0780654
Aliso Viejo,California,741,50175,33.5676842,-117.7256083
Sammamish,Washington,742,50169,47.6162683,-122.0355736
Casa Grande,Arizona,743,50111,32.8795022,-111.7573521
Pinellas Park,Florida,744,49998,27.8428025,-82.6995443
Troy,New York,745,49974,42.7284117,-73.6917851
West Sacramento,California,746,49891,38.5804609,-121.530234
Burien,Washington,747,49858,47.4703767,-122.3467918
Commerce City,Colorado,748,49799,39.8083196,-104.9338675
Monroe,Louisiana,749,49761,32.5093109,-92.1193012
Cerritos,California,750,49707,33.8583483,-118.0647871
Downers Grove,Illinois,751,49670,41.8089191,-88.0111746
Coral Gables,Florida,752,49631,25.72149,-80.2683838
Wilson,North Carolina,753,49628,35.7212689,-77.9155395
Niagara Falls,New York,754,49468,43.0962143,-79.0377388
Poway,California,755,49417,32.9628232,-117.0358646
Edina,Minnesota,756,49376,44.8896866,-93.3499489
Cuyahoga Falls,Ohio,757,49267,41.1339449,-81.4845585
Rancho Santa Margarita,California,758,49228,33.640855,-117.603104
Harrisburg,Pennsylvania,759,49188,40.2731911,-76.8867008
Huntington,West Virginia,760,49177,38.4192496,-82.445154
La Mirada,California,761,49133,33.9172357,-118.0120086
Cypress,California,762,49087,33.8169599,-118.0372852
Caldwell,Idaho,763,48957,43.6629384,-116.6873596
Logan,Utah,764,48913,41.7369803,-111.8338359
Galveston,Texas,765,48733,29.3013479,-94.7976958
Sheboygan,Wisconsin,766,48725,43.7508284,-87.71453
Middletown,Ohio,767,48630,39.5150576,-84.3982763
Murray,Utah,768,48612,40.6668916,-111.8879909
Roswell,New Mexico,769,48611,33.3942655,-104.5230242
Parker,Colorado,770,48608,39.5186002,-104.7613633
Bedford,Texas,771,48592,32.844017,-97.1430671
East Lansing,Michigan,772,48554,42.7369792,-84.4838654
Methuen,Massachusetts,773,48514,42.7262016,-71.1908924
Covina,California,774,48508,34.0900091,-117.8903397
Alexandria,Louisiana,775,48426,31.3112936,-92.4451371
Olympia,Washington,776,48338,47.0378741,-122.9006951
Euclid,Ohio,777,48139,41.5931049,-81.5267873
Mishawaka,Indiana,778,47989,41.6619927,-86.1586156
Salina,Kansas,779,47846,38.8402805,-97.6114237
Azusa,California,780,47842,34.1336186,-117.9075627
Newark,Ohio,781,47777,40.0581205,-82.4012642
Chesterfield,Missouri,782,47749,38.6631083,-90.5770675
Leesburg,Virginia,783,47673,39.1156615,-77.5636015
Dunwoody,Georgia,784,47591,33.9462125,-84.3346473
Hattiesburg,Mississippi,785,47556,31.3271189,-89.2903392
Roseville,Michigan,786,47555,42.4972583,-82.9371409
Bonita Springs,Florida,787,47547,26.339806,-81.7786972
Portage,Michigan,788,47523,42.2011538,-85.5800022
St. Louis Park,Minnesota,789,47411,44.9597376,-93.3702186
Collierville,Tennessee,790,47333,35.042036,-89.6645266
Middletown,Connecticut,791,47333,41.5623209,-72.6506488
Stillwater,Oklahoma,792,47186,36.1156071,-97.0583681
East Providence,Rhode Island,793,47149,41.8137116,-71.3700545
Lawrence,Indiana,794,47135,39.8386516,-86.0252612
Wauwatosa,Wisconsin,795,47134,43.0494572,-88.0075875
Mentor,Ohio,796,46979,41.6661573,-81.339552
Ceres,California,797,46714,37.5949316,-120.9577098
Cedar Hill,Texas,798,46663,32.5884689,-96.9561152
Mansfield,Ohio,799,46454,40.75839,-82.5154471
Binghamton,New York,800,46444,42.0986867,-75.9179738
Coeur d'Alene,Idaho,801,46402,47.6776832,-116.7804664
San Luis Obispo,California,802,46377,35.2827524,-120.6596156
Minot,North Dakota,803,46321,48.2329668,-101.2922906
Palm Springs,California,804,46281,33.8302961,-116.5452921
Pine Bluff,Arkansas,805,46094,34.2284312,-92.0031955
Texas City,Texas,806,46081,29.383845,-94.9027002
Summerville,South Carolina,807,46074,33.0185039,-80.1756481
Twin Falls,Idaho,808,45981,42.5629668,-114.4608711
Jeffersonville,Indiana,809,45929,38.2775702,-85.7371847
San Jacinto,California,810,45851,33.7839084,-116.958635
Madison,Alabama,811,45799,34.6992579,-86.7483318
Altoona,Pennsylvania,812,45796,40.5186809,-78.3947359
Columbus,Indiana,813,45775,39.2014404,-85.9213796
Beavercreek,Ohio,814,45712,39.7092262,-84.0632685
Apopka,Florida,815,45587,28.6934076,-81.5322149
Elmhurst,Illinois,816,45556,41.8994744,-87.9403418
Maricopa,Arizona,817,45508,33.0581063,-112.0476423
Farmington,New Mexico,818,45426,36.7280583,-108.2186856
Glenview,Illinois,819,45417,42.0697509,-87.7878408
Cleveland Heights,Ohio,820,45394,41.5200518,-81.556235
Draper,Utah,821,45285,40.5246711,-111.8638226
Lincoln,California,822,45237,38.891565,-121.2930079
Sierra Vista,Arizona,823,45129,31.5455001,-110.2772856
Lacey,Washington,824,44919,47.0342629,-122.8231915
Biloxi,Mississippi,825,44820,30.3960318,-88.8853078
Strongsville,Ohio,826,44730,41.3144966,-81.83569
Barnstable Town,Massachusetts,827,44641,41.7003208,-70.3002024
Wylie,Texas,828,44575,33.0151201,-96.5388789
Sayreville,New Jersey,829,44412,40.4594021,-74.360846
Kannapolis,North Carolina,830,44359,35.4873613,-80.6217341
Charlottesville,Virginia,831,44349,38.0293059,-78.4766781
Littleton,Colorado,832,44275,39.613321,-105.0166498
Titusville,Florida,833,44206,28.6122187,-80.8075537
Hackensack,New Jersey,834,44113,40.8859325,-74.0434736
Newark,California,835,44096,37.5296593,-122.0402399
Pittsfield,Massachusetts,836,44057,42.4500845,-73.2453824
York,Pennsylvania,837,43935,39.9625984,-76.727745
Lombard,Illinois,838,43907,41.8800296,-88.0078435
Attleboro,Massachusetts,839,43886,41.9445441,-71.2856082
DeKalb,Illinois,840,43849,41.9294736,-88.7503647
Blacksburg,Virginia,841,43609,37.2295733,-80.4139393
Dublin,Ohio,842,43607,40.0992294,-83.1140771
Haltom City,Texas,843,43580,32.7995738,-97.2691817
Lompoc,California,844,43509,34.6391501,-120.4579409
El Centro,California,845,43363,32.792,-115.5630514
Danville,California,846,43341,37.8215929,-121.9999606
Jefferson City,Missouri,847,43330,38.5767017,-92.1735164
Cutler Bay,Florida,848,43328,25.5808323,-80.3468593
Oakland Park,Florida,849,43286,26.1723065,-80.1319893
North Miami Beach,Florida,850,43250,25.9331488,-80.1625463
Freeport,New York,851,43167,40.6576022,-73.5831835
Moline,Illinois,852,43116,41.5067003,-90.5151342
Coachella,California,853,43092,33.6803003,-116.173894
Fort Pierce,Florida,854,43074,27.4467056,-80.3256056
Smyrna,Tennessee,855,43060,35.9828412,-86.5186045
Bountiful,Utah,856,43023,40.8893895,-111.880771
Fond du Lac,Wisconsin,857,42970,43.7730448,-88.4470508
Everett,Massachusetts,858,42935,42.40843,-71.0536625
Danville,Virginia,859,42907,36.5859718,-79.3950228
Keller,Texas,860,42907,32.9341893,-97.229298
Belleville,Illinois,861,42895,38.5200504,-89.9839935
Bell Gardens,California,862,42889,33.9652918,-118.1514588
Cleveland,Tennessee,863,42774,35.1595182,-84.8766115
North Lauderdale,Florida,864,42757,26.217305,-80.2258811
Fairfield,Ohio,865,42635,39.3454673,-84.5603187
Salem,Massachusetts,866,42544,42.51954,-70.8967155
Rancho Palos Verdes,California,867,42448,33.7444613,-118.3870173
San Bruno,California,868,42443,37.6304904,-122.4110835
Concord,New Hampshire,869,42419,43.2081366,-71.5375718
Burlington,Vermont,870,42284,44.4758825,-73.212072
Apex,North Carolina,871,42214,35.732652,-78.8502856
Midland,Michigan,872,42181,43.6155825,-84.2472116
Altamonte Springs,Florida,873,42150,28.6611089,-81.3656242
Hutchinson,Kansas,874,41889,38.0608445,-97.9297743
Buffalo Grove,Illinois,875,41778,42.1662831,-87.9631308
Urbandale,Iowa,876,41776,41.6266555,-93.7121656
State College,Pennsylvania,877,41757,40.7933949,-77.8600012
Urbana,Illinois,878,41752,40.1105875,-88.2072697
Plainfield,Illinois,879,41734,41.632223,-88.2120315
Manassas,Virginia,880,41705,38.7509488,-77.4752667
Bartlett,Illinois,881,41679,41.9950276,-88.1856301
Kearny,New Jersey,882,41664,40.7684342,-74.1454214
Oro Valley,Arizona,883,41627,32.3909071,-110.966488
Findlay,Ohio,884,41512,41.04422,-83.6499321
Rohnert Park,California,885,41398,38.3396367,-122.7010984
Linden,New Jersey,886,41301,40.6220478,-74.2445902
Westfield,Massachusetts,887,41301,42.1250929,-72.749538
Sumter,South Carolina,888,41190,33.9204354,-80.3414693
Wilkes-Barre,Pennsylvania,889,41108,41.2459149,-75.8813075
Woonsocket,Rhode Island,890,41026,42.0028761,-71.5147839
Leominster,Massachusetts,891,41002,42.5250906,-71.759794
Shelton,Connecticut,892,40999,41.3164856,-73.0931641
Brea,California,893,40963,33.9166805,-117.9000604
Covington,Kentucky,894,40956,39.0836712,-84.5085536
Rockwall,Texas,895,40922,32.9312336,-96.4597089
Meridian,Mississippi,896,40921,32.3643098,-88.703656
Riverton,Utah,897,40921,40.521893,-111.9391023
St. Cloud,Florida,898,40918,28.2489016,-81.2811801
Quincy,Illinois,899,40915,39.9356016,-91.4098726
Morgan Hill,California,900,40836,37.1305012,-121.6543901
Warren,Ohio,901,40768,41.2375569,-80.8184166
Edmonds,Washington,902,40727,47.8106521,-122.3773552
Burleson,Texas,903,40714,32.5420821,-97.3208492
Beverly,Massachusetts,904,40664,42.5584283,-70.880049
Mankato,Minnesota,905,40641,44.1635775,-93.9993996
Hagerstown,Maryland,906,40612,39.6417629,-77.7199932
Prescott,Arizona,907,40590,34.5400242,-112.4685025
Campbell,California,908,40584,37.2871651,-121.9499568
Cedar Falls,Iowa,909,40566,42.5348993,-92.4453161
Beaumont,California,910,40481,33.9294606,-116.977248
La Puente,California,911,40435,34.0200114,-117.9495083
Crystal Lake,Illinois,912,40388,42.2411344,-88.3161965
Fitchburg,Massachusetts,913,40383,42.5834228,-71.8022955
Carol Stream,Illinois,914,40379,41.9125286,-88.1347927
Hickory,North Carolina,915,40361,35.7344538,-81.3444573
Streamwood,Illinois,916,40351,42.0255827,-88.1784085
Norwich,Connecticut,917,40347,41.5242649,-72.0759105
Coppell,Texas,918,40342,32.9545687,-97.0150078
San Gabriel,California,919,40275,34.0961111,-118.1058333
Holyoke,Massachusetts,920,40249,42.2042586,-72.6162009
Bentonville,Arkansas,921,40167,36.3728538,-94.2088172
Florence,Alabama,922,40059,34.79981,-87.677251
Peachtree Corners,Georgia,923,40059,33.9698929,-84.2214551
Brentwood,Tennessee,924,40021,36.0331164,-86.7827772
Bozeman,Montana,925,39860,45.6769979,-111.0429339
New Berlin,Wisconsin,926,39834,42.9764027,-88.1084224
Goose Creek,South Carolina,927,39823,32.9810059,-80.0325867
Huntsville,Texas,928,39795,30.7235263,-95.5507771
Prescott Valley,Arizona,929,39791,34.6100243,-112.315721
Maplewood,Minnesota,930,39765,44.9530215,-92.9952153
Romeoville,Illinois,931,39650,41.6475306,-88.0895061
Duncanville,Texas,932,39605,32.6518004,-96.9083366
Atlantic City,New Jersey,933,39551,39.3642834,-74.4229266
Clovis,New Mexico,934,39508,34.4047987,-103.2052272
The Colony,Texas,935,39458,33.0806083,-96.8928309
Culver City,California,936,39428,34.0211224,-118.3964665
Marlborough,Massachusetts,937,39414,42.3459271,-71.5522874
Hilton Head Island,South Carolina,938,39412,32.216316,-80.752608
Moorhead,Minnesota,939,39398,46.8737648,-96.7678039
Calexico,California,940,39389,32.6789476,-115.4988834
Bullhead City,Arizona,941,39383,35.1359386,-114.5285981
Germantown,Tennessee,942,39375,35.0867577,-89.8100858
La Quinta,California,943,39331,33.6633573,-116.3100095
Lancaster,Ohio,944,39325,39.7136754,-82.5993294
Wausau,Wisconsin,945,39309,44.9591352,-89.6301221
Sherman,Texas,946,39296,33.6356618,-96.6088805
Ocoee,Florida,947,39172,28.5691677,-81.5439619
Shakopee,Minnesota,948,39167,44.7973962,-93.5272861
Woburn,Massachusetts,949,39083,42.4792618,-71.1522765
Bremerton,Washington,950,39056,47.5673202,-122.6329356
Rock Island,Illinois,951,38877,41.5094771,-90.5787476
Muskogee,Oklahoma,952,38863,35.7478769,-95.3696909
Cape Girardeau,Missouri,953,38816,37.3058839,-89.5181476
Annapolis,Maryland,954,38722,38.9784453,-76.4921829
Greenacres,Florida,955,38696,26.6276276,-80.1353896
Ormond Beach,Florida,956,38661,29.2858129,-81.0558894
Hallandale Beach,Florida,957,38632,25.9812024,-80.148379
Stanton,California,958,38623,33.8025155,-117.9931165
Puyallup,Washington,959,38609,47.1853785,-122.2928974
Pacifica,California,960,38606,37.6138253,-122.4869194
Hanover Park,Illinois,961,38510,41.9994722,-88.1450735
Hurst,Texas,962,38448,32.8234621,-97.1705678
Lima,Ohio,963,38355,40.742551,-84.1052256
Marana,Arizona,964,38290,32.436381,-111.2224422
Carpentersville,Illinois,965,38241,42.1211364,-88.2578582
Oakley,California,966,38194,37.9974219,-121.7124536
Huber Heights,Ohio,967,38142,39.843947,-84.1246608
Lancaster,Texas,968,38071,32.5920798,-96.7561082
Montclair,California,969,38027,34.0775104,-117.6897776
Wheeling,Illinois,970,38015,42.1391927,-87.9289591
Brookfield,Wisconsin,971,37999,43.0605671,-88.1064787
Park Ridge,Illinois,972,37839,42.0111412,-87.8406192
Florence,South Carolina,973,37792,34.1954331,-79.7625625
Roy,Utah,974,37733,41.1616108,-112.0263313
Winter Garden,Florida,975,37711,28.5652787,-81.5861847
Chelsea,Massachusetts,976,37670,42.3917638,-71.0328284
Valley Stream,New York,977,37659,40.6642699,-73.7084645
Spartanburg,South Carolina,978,37647,34.9495672,-81.9320482
Lake Oswego,Oregon,979,37610,45.4206749,-122.6706498
Friendswood,Texas,980,37587,29.5293998,-95.2010447
Westerville,Ohio,981,37530,40.1261743,-82.9290696
Northglenn,Colorado,982,37499,39.8961821,-104.9811468
Phenix City,Alabama,983,37498,32.4709761,-85.0007653
Grove City,Ohio,984,37490,39.8814519,-83.0929644
Texarkana,Texas,985,37442,33.425125,-94.0476882
Addison,Illinois,986,37385,41.931696,-87.9889556
Dover,Delaware,987,37366,39.158168,-75.5243682
Lincoln Park,Michigan,988,37313,42.2505943,-83.1785361
Calumet City,Illinois,989,37240,41.6155909,-87.5294871
Muskegon,Michigan,990,37213,43.2341813,-86.2483921
Aventura,Florida,991,37199,25.9564812,-80.1392121
Martinez,California,992,37165,38.0193657,-122.1341321
Greenfield,Wisconsin,993,37159,42.9614039,-88.0125865
Apache Junction,Arizona,994,37130,33.4150485,-111.5495777
Monrovia,California,995,37101,34.1442616,-118.0019482
Weslaco,Texas,996,37093,26.1595194,-97.9908366
Keizer,Oregon,997,37064,44.9901194,-123.0262077
Spanish Fork,Utah,998,36956,40.114955,-111.654923
Beloit,Wisconsin,999,36888,42.5083482,-89.0317765
Panama City,Florida,1000,36877,30.1588129,-85.6602058
